{"cameraMode":{"drawMode":0,"name":"Shaded","section":"Shading Mode"},"sceneLighting":true,"audioPlay":false,"sceneViewState":{"showFog":true,"showMaterialUpdate":false,"showSkybox":true,"showFlares":true,"showImageEffects":true,"showParticleSystems":true},"in2DMode":false,"pivot":{"x":4.941638946533203,"y":2.5399131774902345,"z":4.9929656982421879},"rotation":{"x":0.27627646923065188,"y":-0.3179593086242676,"z":0.09741999208927155,"w":0.9017125964164734},"size":33.31012725830078,"orthographic":true}